roll_no,name,department,section,year
26A81A0501,ADABALA BHAVYA TEJASRI,CSE,A,1st Year
26A81A0502,ADDALA V NAGA VENKATA RAMAKRISHNA KUMAR,CSE,A,1st Year
26A81A0503,ADI GANESH VENKATA SIVA KUMAR,CSE,A,1st Year
26A81A0504,AKULA MADHU SAI,CSE,A,1st Year
26A81A0505,AMBATI MANASA,CSE,A,1st Year
26A81A0506,AMBATI VENKATA SUJIT KUMAR,CSE,A,1st Year
26A81A0507,ATHMAKURI VAISHNAVI,CSE,A,1st Year
26A81A0508,AVVARU GOWTHAM KUMAR,CSE,A,1st Year
26A81A0509,BOBBILI PRASANNA KUMAR,CSE,A,1st Year
26A81A0510,BOKKA MEGHANA DEVI,CSE,A,1st Year
26A81A0511,BOMMIDI JNANA PRASANNA,CSE,A,1st Year
26A81A0512,BONDADA RAM ROHITH,CSE,A,1st Year
26A81A0513,CHALLA TANMAYI SRI,CSE,A,1st Year
26A81A0514,CHALLA TEJA SRI,CSE,A,1st Year
26A81A0515,CHANAPATI KAVYA SRI,CSE,A,1st Year
26A81A0516,CHELLINKI VARSHINI,CSE,A,1st Year
26A81A0517,CHOWTIPALLI KAVYA,CSE,A,1st Year
26A81A0518,DONELA BHAGYA SRI,CSE,A,1st Year
26A81A0519,DONEPUDI HARIHARA TEJASWINI,CSE,A,1st Year
26A81A0520,GAMINI SASWITHA,CSE,A,1st Year
26A81A0521,GELLA SAI KRISHNA,CSE,A,1st Year
26A81A0522,GUNDUBOGULA TEJASWI,CSE,A,1st Year
26A81A0523,GUNNAM PALLAVI,CSE,A,1st Year
26A81A0524,GUTTIKONDA MONIKA SIRI,CSE,A,1st Year
26A81A0525,ILINDALA SRAVANTHI,CSE,A,1st Year
26A81A0526,INDUGUMILLI AMRUTHA VARSHINI,CSE,A,1st Year
26A81A0527,KAKARA HARSHAVARDHAN,CSE,A,1st Year
26A81A0528,KANKIPATI DHANUSHA,CSE,A,1st Year
26A81A0529,KONAKALLA NEEHARIKA,CSE,A,1st Year
26A81A0530,KONDETI KODANDA RAMA VENKAT,CSE,A,1st Year
26A81A0531,KUDULLA KESAVA PRIYA,CSE,A,1st Year
26A81A0532,KURRU BHAVINESH,CSE,A,1st Year
26A81A0533,LAVETI SAHASRA SATYA KARTHIKA,CSE,A,1st Year
26A81A0534,LIKHITAPUDI VIJAY BABU,CSE,A,1st Year
26A81A0535,MOHAMMAD AFEEFA FIRDOS,CSE,A,1st Year
26A81A0536,MOHAMMAD FARHATH JAHA,CSE,A,1st Year
26A81A0537,MUSALA SRAVANI,CSE,A,1st Year
26A81A0538,MUTHABATTULA MOUJITH,CSE,A,1st Year
26A81A0539,NALLAJERLA DAIVA DEEPTHI,CSE,A,1st Year
26A81A0540,NAMMITHI INDIRA GANDHI,CSE,A,1st Year
26A81A0541,ORUGANTI BHANU SIVA TEJA VARMA,CSE,A,1st Year
26A81A0542,PADILAM RENUKA THARAKA SRI,CSE,A,1st Year
26A81A0543,PAIDIMUKKULA SHANMUKHA SAGAR BABU,CSE,A,1st Year
26A81A0544,PALIVELA CHANDANA,CSE,A,1st Year
26A81A0545,PALURI NIKHILA NAGASRI,CSE,A,1st Year
26A81A0546,PASUPULETI ANANDA NARSIMHA,CSE,A,1st Year
26A81A0547,PERISHALA YASASVI,CSE,A,1st Year
26A81A0548,PERURI MOHITHA SRI GODHAAKSHITHA,CSE,A,1st Year
26A81A0549,PORIPIREDDY ANUSHA,CSE,A,1st Year
26A81A0550,PUCHAKAYALA PAKSHIKA LAKSHMI PRASANNA,CSE,A,1st Year
26A81A0551,PULAPAAKA RAM CHARAN TEJA,CSE,A,1st Year
26A81A0552,PUTHI PANISKA,CSE,A,1st Year
26A81A0553,PUVVALA HARSHINI,CSE,A,1st Year
26A81A0554,RACHURI NAGALAKSHMI,CSE,A,1st Year
26A81A0555,RAJANAMPALLI SURAGA DHRUTHI,CSE,A,1st Year
26A81A0556,SABBELLA LAKSHMI PRASANNA,CSE,A,1st Year
26A81A0557,SHAIK AMAN ALISHA,CSE,A,1st Year
26A81A0558,SINGIDI RAM TEJA,CSE,A,1st Year
26A81A0559,UPPALA MANI RATNAM,CSE,A,1st Year
26A81A0560,VALAVALA JASWANTH NAGA SAI,CSE,A,1st Year
26A81A0561,VATHADI BHUVANA CHANDRA SWAMY,CSE,A,1st Year
26A81A0562,VEGI KARTHIK,CSE,A,1st Year
26A81A0563,VEGOTLAALEKHYA BHUVANA,CSE,A,1st Year
26A81A0564,VULLURI VARUN,CSE,A,1st Year
26A81A0565,YARRAMSETTI JOMANTH KUMAR,CSE,A,1st Year
26A81A0566,YENUMULA VAMSI KRISHNA,CSE,A,1st Year
26A81A0567,ACHANA BHARGAVI,CSE,B,1st Year
26A81A0568,ADAPA YASWANTH LAKSHMI SAI CHARAN,CSE,B,1st Year
26A81A0569,AKURATHI DEEPIKA,CSE,B,1st Year
26A81A0570,BALE BHARGAVI LAKSHMI,CSE,B,1st Year
26A81A0571,BALLA MURALI RAM SAI HARSHA,CSE,B,1st Year
26A81A0572,BILLA BHAVYA SRI,CSE,B,1st Year
26A81A0573,BODDUPALLI BHAVANA,CSE,B,1st Year
26A81A0574,BOKKA BHASKARA BABU,CSE,B,1st Year
26A81A0575,BONAM SAI LAKSHMI ANJALI,CSE,B,1st Year
26A81A0576,CHEEPURUPALLI SAI SRIVALLI,CSE,B,1st Year
26A81A0577,CHINAMARTHI SINDHU,CSE,B,1st Year
26A81A0578,CHITIKENA NANDINI,CSE,B,1st Year
26A81A0579,CHOKKA PRANAVI,CSE,B,1st Year
26A81A0580,GANDIKOTA MANOGNA SRIJA,CSE,B,1st Year
26A81A0581,GANGABATTHULA J S V KIRAN,CSE,B,1st Year
26A81A0582,GANTA MUKUNDA LAKSHMI PRIYA,CSE,B,1st Year
26A81A0583,GANTA YUVA KISHORE,CSE,B,1st Year
26A81A0584,GOLLA SUNEETHA,CSE,B,1st Year
26A81A0585,GOLLAPALLI ANJANA SRI,CSE,B,1st Year
26A81A0586,GORIPARTHI NAVYA SRI,CSE,B,1st Year
26A81A0587,GUBBALA MAHA LAKSHMI,CSE,B,1st Year
26A81A0588,IJJUROTHU CHANDRA SHEKAR,CSE,B,1st Year
26A81A0589,KAKARLA MADHURI,CSE,B,1st Year
26A81A0590,KANNAJI SRINU,CSE,B,1st Year
26A81A0591,KARRI PEMITH SAI NAGENDAR REDDY,CSE,B,1st Year
26A81A0592,KETHA KAVYA,CSE,B,1st Year
26A81A0593,KOLLATI BHAGYA LAHARI,CSE,B,1st Year
26A81A0594,KOTAMARTHI VINNI,CSE,B,1st Year
26A81A0595,KUNCHE SATYA SEKHAR,CSE,B,1st Year
26A81A0596,KUNTLA UMA JYOTHI PRAKASH,CSE,B,1st Year
26A81A0597,LAKKADASU BINDU SRI NAGA SAI,CSE,B,1st Year
26A81A0598,MADDIPATLA NANDAKISHORE,CSE,B,1st Year
26A81A0599,MADETI DEEKSHITHA,CSE,B,1st Year
26A81A05A0,MADHYAHNAPU JAHNAVI,CSE,B,1st Year
26A81A05A1,MADUGULA JOSHNITHA PRIYA,CSE,B,1st Year
26A81A05A2,MALLIK DIVYADHAR,CSE,B,1st Year
26A81A05A3,MANDA GEETHIKA RAMYA SRI,CSE,B,1st Year
26A81A05A4,MANGARAI VENKATA SUBRAHMANYAM,CSE,B,1st Year
26A81A05A5,MENDU HIMAVANI,CSE,B,1st Year
26A81A05A6,MERUGU SURESH BABU,CSE,B,1st Year
26A81A05A7,MOHAMMAD AMIL ZAMA,CSE,B,1st Year
26A81A05A8,MOHAMMAD RUHINA,CSE,B,1st Year
26A81A05A9,MOSURI DIVYA SRI,CSE,B,1st Year
26A81A05B0,MOTAPOTHULA CHAITANYA,CSE,B,1st Year
26A81A05B1,MUGGALLA SATYA SAI TEJA,CSE,B,1st Year
26A81A05B2,MUGGALLA SRI HARSHITHA,CSE,B,1st Year
26A81A05B3,NADAPANA LAKSHMI PRASANNA,CSE,B,1st Year
26A81A05B4,NADIPALLI SAI MANASWINI,CSE,B,1st Year
26A81A05B5,NARINA SAI ROSHINI,CSE,B,1st Year
26A81A05B6,NEELAPALA VARA PRASAD,CSE,B,1st Year
26A81A05B7,PAMURI CHANDRA HASINI,CSE,B,1st Year
26A81A05B8,PARASA JAHNAVI,CSE,B,1st Year
26A81A05B9,PASUMARTHI SANJANA,CSE,B,1st Year
26A81A05C0,PIDAKALA SANDEEP KUMAR,CSE,B,1st Year
26A81A05C1,PILLI SUMASRI,CSE,B,1st Year
26A81A05C2,POGAPAKALA SANTOSH,CSE,B,1st Year
26A81A05C3,POTTIPATI REKHA SATYA SRI RAJESWARI,CSE,B,1st Year
26A81A05C4,PUTTI SATYA SRI KEERTHANA,CSE,B,1st Year
26A81A05C5,SANGADI NAGA DURGA SATYA NIHARIKA,CSE,B,1st Year
26A81A05C6,SHAIK MAI MUNNISHA BEGAM,CSE,B,1st Year
26A81A05C7,TAMMISETTI SATYA DURGA SAIKIRAN,CSE,B,1st Year
26A81A05C8,TANDRA PRANAY AKHIL,CSE,B,1st Year
26A81A05C9,TEJASWINI YATHAM,CSE,B,1st Year
26A81A05D0,VEJJU BHUVANESH SIVA SATYA KUMAR,CSE,B,1st Year
26A81A05D1,VIJIROTHI KRUSHI SAI,CSE,B,1st Year
26A81A05D2,YADLA VARSHINI SIVA SAI SUDHA,CSE,B,1st Year
26A81A05D3,AKULA GRESHMA SARANYA,CSE,C,1st Year
26A81A05D4,ALLAM VIKAS NAGA DURGA,CSE,C,1st Year
26A81A05D5,ANJURTHI LAKSHMI SATISH,CSE,C,1st Year
26A81A05D6,ARETI TEJA SRI SIVA SAIRAM,CSE,C,1st Year
26A81A05D7,ARIGELA NAGA RAM CHARAN,CSE,C,1st Year
26A81A05D8,BANDARU KEETHANA RAMYA SRI,CSE,C,1st Year
26A81A05D9,BANISETTI LALITHA DURGA,CSE,C,1st Year
26A81A05E0,BOBBARA RADHA PRAKASH,CSE,C,1st Year
26A81A05E1,BOBBURI SAI CHARITH,CSE,C,1st Year
26A81A05E2,BOKKA MONIKA SAI SRI VANAJA,CSE,C,1st Year
26A81A05E3,BOMMA RADHA PRAGNA SRI,CSE,C,1st Year
26A81A05E4,CHAMPAATI LASYA PRIYA,CSE,C,1st Year
26A81A05E5,CHAVALA DURGA PAVANI,CSE,C,1st Year
26A81A05E6,CHAVALA RAJA NANDINI SATYA SRI,CSE,C,1st Year
26A81A05E7,CHELLANGI SOMA SEKHAR MANIKANTA,CSE,C,1st Year
26A81A05E8,CHETTE ABHISHEK,CSE,C,1st Year
26A81A05E9,CHIKKAM REKHA NAGAANJALI,CSE,C,1st Year
26A81A05F0,DASARI CHAITHRA,CSE,C,1st Year
26A81A05F1,GONNURI KRISHNA DEVI ANU BHAVYA SRI,CSE,C,1st Year
26A81A05F2,GUMMADI NISSY MARVEL,CSE,C,1st Year
26A81A05F3,INJETI SONIYA,CSE,C,1st Year
26A81A05F4,JAVVADI LAKSHMI SRI SATYAABHIRAM,CSE,C,1st Year
26A81A05F5,JAVVADI RAJESH,CSE,C,1st Year
26A81A05F6,KAKI BALA VARSHINI,CSE,C,1st Year
26A81A05F7,KAKI BHAVANA NAGA LAKSHMI,CSE,C,1st Year
26A81A05F8,KANDIPALLI DURGA RADHA KRISHNA,CSE,C,1st Year
26A81A05F9,KANDULA GANESH,CSE,C,1st Year
26A81A05G0,KOLAAASINI LAKSHMI,CSE,C,1st Year
26A81A05G1,KOMALA VENKATA KISHORE,CSE,C,1st Year
26A81A05G2,KOMBATTULA MOUNIKA,CSE,C,1st Year
26A81A05G3,KOMIRINENI ISHWARYA,CSE,C,1st Year
26A81A05G4,KOYYA SHYAMKIRAN,CSE,C,1st Year
26A81A05G5,KUKKALA GAYATHRI MAHALAKSHMI,CSE,C,1st Year
26A81A05G6,KUNDETI DIVYA DURGA,CSE,C,1st Year
26A81A05G7,LAKKADASU BHARANI VENKATA SRIJA,CSE,C,1st Year
26A81A05G8,LAKKOJU ROHITHA MANI,CSE,C,1st Year
26A81A05G9,LANKAPALLI BHAVITHA,CSE,C,1st Year
26A81A05H0,LOLABATTU BINDU HARINI,CSE,C,1st Year
26A81A05H1,MAHENDRA SAI MANIKANTA GOWDA PULICHERLA,CSE,C,1st Year
26A81A05H2,MALLESWARAPU VEERA VENKATA SATYANARAYANA,CSE,C,1st Year
26A81A05H3,MANDALA HEMANTH KUMAR,CSE,C,1st Year
26A81A05H4,MEDAPATI LAKSHMI SAILAJA,CSE,C,1st Year
26A81A05H5,MOPIDEVI YUVA JAGADEESWAR,CSE,C,1st Year
26A81A05H6,MULAPARTHI PRANAYA KUMAR,CSE,C,1st Year
26A81A05H7,PAKANATI MEGHANA,CSE,C,1st Year
26A81A05H8,PALIVELA YASASWI NAGAVENKATA SATYA REVATHI,CSE,C,1st Year
26A81A05H9,PATIVADA GANESH SWAMY,CSE,C,1st Year
26A81A05I0,PEDAPROLU AMRUTHA LAKSHMI,CSE,C,1st Year
26A81A05I1,PINNIBOINA TEJASWI,CSE,C,1st Year
26A81A05I2,PRAGADA YAMUNA NAGA DURGA SOMESWARI,CSE,C,1st Year
26A81A05I3,PULAGAM SAI NAGA BHAVYA,CSE,C,1st Year
26A81A05I4,RACHAMALLA SRI VENKATA LAKSHMI,CSE,C,1st Year
26A81A05I5,RAYAPATI SRI RAMYA,CSE,C,1st Year
26A81A05I6,SAALI ANAND,CSE,C,1st Year
26A81A05I7,SANAGANA DURGA SATYA PRASAD,CSE,C,1st Year
26A81A05I8,SEEPANI HARIKA DURGA BHAVANI,CSE,C,1st Year
26A81A05I9,SIRAM PRAKASH,CSE,C,1st Year
26A81A05J0,TAMMIREDDI LEKHASREE,CSE,C,1st Year
26A81A05J1,TIRUMANI PURNA VARMA,CSE,C,1st Year
26A81A05J2,TOMMIDELLA LAKSHMI PRIYA,CSE,C,1st Year
26A81A05J3,UDDARAJU PRASANTH RAJU,CSE,C,1st Year
26A81A05J4,VEMANA BHASKARI SRI GOWD,CSE,C,1st Year
26A81A05J5,VINNAKOTA MOURYA SRI,CSE,C,1st Year
26A81A05J6,YADLA VARSHITHA VENKATA TANUJA,CSE,C,1st Year
26A81A05J7,YATHAM MOUNIKA,CSE,C,1st Year
26A81A05J8,YELLE PRANAY,CSE,C,1st Year
26A81A05J9,ABDUL ANSHRA ZARMEEN,CSE,D,1st Year
26A81A05K0,AKKISETTI RESHMA NAGA VIGNESWARI,CSE,D,1st Year
26A81A05K1,ANUPOJU JARUSHA,CSE,D,1st Year
26A81A05K2,ARIGELA SANTHOSH,CSE,D,1st Year
26A81A05K3,BELLAPU BHARGAVI,CSE,D,1st Year
26A81A05K4,BODDETI HIMA TEJASWI,CSE,D,1st Year
26A81A05K5,BOKKA JOSHI KRISHNA,CSE,D,1st Year
26A81A05K6,BOKKA KEERTHANA,CSE,D,1st Year
26A81A05K7,BONTHA GOWTHAM RAJU,CSE,D,1st Year
26A81A05K8,BUKYA PRAMEELA,CSE,D,1st Year
26A81A05K9,CHALAPAKA POOJA,CSE,D,1st Year
26A81A05L0,CHALLA SRI TEJESHWARI,CSE,D,1st Year
26A81A05L1,CHEGONDI HEMA TEJASRI,CSE,D,1st Year
26A81A05L2,CHENNAMSETTI PUNITH SIVA,CSE,D,1st Year
26A81A05L3,CHITIKINA RENUKA SRI,CSE,D,1st Year
26A81A05L4,CHITTI YAMINI SRI MOUNIKA,CSE,D,1st Year
26A81A05L5,DANGETI S S N VENKATA VIGNESH,CSE,D,1st Year
26A81A05L6,DRAKSHARAPU LALITHENDRA,CSE,D,1st Year
26A81A05L7,DUSANAPUDI UDAY LAVANYA SRI,CSE,D,1st Year
26A81A05L8,GADDE BHANU PRAKASH SRINIVAS CHOWDARY,CSE,D,1st Year
26A81A05L9,GORLA PRANEETH RAM,CSE,D,1st Year
26A81A05M0,GUMMAPU MANIDEEP,CSE,D,1st Year
26A81A05M1,GUNTURI JOHN WESLY,CSE,D,1st Year
26A81A05M2,KOMALAPALLI SANKARA VARA PRASAD,CSE,D,1st Year
26A81A05M3,KONA PRAVALLIKA,CSE,D,1st Year
26A81A05M4,KOPPINEEDI MOHAN PRABHU SAI NIHAR,CSE,D,1st Year
26A81A05M5,LINGALA PRASANTHI,CSE,D,1st Year
26A81A05M6,MOGALATHURTHI SANTHOSH PHANI KUMAR,CSE,D,1st Year
26A81A05M7,MADICHARLA KANAKA MAHALAKSHMI,CSE,D,1st Year
26A81A05M8,MADICHERLA KONDESWAR,CSE,D,1st Year
26A81A05M9,MARISETTI HEMA SRIMANI,CSE,D,1st Year
26A81A05N0,MIDISIPATI HARI HAR NARAYANA,CSE,D,1st Year
26A81A05N1,MULAKALA SAI DEVI,CSE,D,1st Year
26A81A05N2,MULAPARTHI HEMA KUMARI,CSE,D,1st Year
26A81A05N3,MULLAPUDI MOHAN VEERENDRA,CSE,D,1st Year
26A81A05N4,NADIPUDI LIKHITHA,CSE,D,1st Year
26A81A05N5,NAKKA KUNDANA,CSE,D,1st Year
26A81A05N6,NAKKA VEERA VENKATA RAO,CSE,D,1st Year
26A81A05N7,NERSU LAKSHMI PRASANNA,CSE,D,1st Year
26A81A05N8,NICHENAKOLA JOSHNA,CSE,D,1st Year
26A81A05N9,PADAVALA MOHANKRISHNA,CSE,D,1st Year
26A81A05O0,PANDURI KRISHNAVENI,CSE,D,1st Year
26A81A05O1,PATHRI VIGHNA NEEHARI,CSE,D,1st Year
26A81A05O2,PEDAMUTHI PRINCEY,CSE,D,1st Year
26A81A05O3,PENUMAKA DILIP,CSE,D,1st Year
26A81A05O4,PINNINTI KEERTHANA,CSE,D,1st Year
26A81A05O5,POGIRI LAVANYA,CSE,D,1st Year
26A81A05O6,POLNATI JAHNAVI SURYA VENKATA MADHURI,CSE,D,1st Year
26A81A05O7,PONNAPALLI JYOTHI SRIVALLI,CSE,D,1st Year
26A81A05O8,REDDY TEJA,CSE,D,1st Year
26A81A05O9,SANABOYINA SAI SRI HASINI,CSE,D,1st Year
26A81A05P0,SARAMPATI SIRISHA,CSE,D,1st Year
26A81A05P1,SHAIK SHABEENA,CSE,D,1st Year
26A81A05P2,SINGAMSETTI MANI SAI UMA KASI,CSE,D,1st Year
26A81A05P3,TADEPALLI JOHN ELIPHAZ,CSE,D,1st Year
26A81A05P4,TATA NIHARIKA,CSE,D,1st Year
26A81A05P5,VEERI SASI RAM CHARAN,CSE,D,1st Year
26A81A05P6,VUNDRAJAVARAPU JEMIMA,CSE,D,1st Year
26A81A05P7,YARLAGADDA GOVINDA RAO,CSE,D,1st Year
26A81A05P8,ADAPA VARSHASRI,CSE,E,1st Year
26A81A05P9,AKULA ISRAEL,CSE,E,1st Year
26A81A05Q0,AKULA PUJITHA,CSE,E,1st Year
26A81A05Q1,ALUKA LEEJA SERENA,CSE,E,1st Year
26A81A05Q2,AYNAPARTHI RUTHU,CSE,E,1st Year
26A81A05Q3,BAYYARAPU NAVADEEP,CSE,E,1st Year
26A81A05Q4,BURRE SUHASINI,CSE,E,1st Year
26A81A05Q5,CHAKKA DHANVI HASINI,CSE,E,1st Year
26A81A05Q6,CHENNAMSETTI J S RAMA NAGA SURYA JASWANTH,CSE,E,1st Year
26A81A05Q7,CHINTAPALLI LAKSHMI PRASANNA,CSE,E,1st Year
26A81A05Q8,DOMMETI SYAM RAMA LINGESWARA RAO,CSE,E,1st Year
26A81A05Q9,GANESULA GUNASEKHAR,CSE,E,1st Year
26A81A05R0,GEDDAM YUVARAJU,CSE,E,1st Year
26A81A05R1,GIDUTHURI HARSHITH SRI SURYA,CSE,E,1st Year
26A81A05R2,GODUGU RITHISH BABU,CSE,E,1st Year
26A81A05R3,JAMPANI NIKHILA,CSE,E,1st Year
26A81A05R4,JILLELLAMUDI SRI HASINI,CSE,E,1st Year
26A81A05R5,JILLEPALLI JEEVAN,CSE,E,1st Year
26A81A05R6,KADALI SNEHA SRI SATYA,CSE,E,1st Year
26A81A05R7,KAKARAAKHIL,CSE,E,1st Year
26A81A05R8,KAMMULA MANI KANTA,CSE,E,1st Year
26A81A05R9,KANDIVALASA LAVANYA,CSE,E,1st Year
26A81A05S0,KANNAJI BALA MANIKANTA YASWANTH,CSE,E,1st Year
26A81A05S1,KARUMURI AISHWARYA,CSE,E,1st Year
26A81A05S2,KARUMURI MANISHA YASASWANI,CSE,E,1st Year
26A81A05S3,KASA DINESH KRISHNARJUN,CSE,E,1st Year
26A81A05S4,KAVURU LALITHA DEVI MAHALAKSHMI,CSE,E,1st Year
26A81A05S5,KONDURU VEDA SRI NISHITHA,CSE,E,1st Year
26A81A05S6,KUNTAM ABHISHIKTHA KUMAR,CSE,E,1st Year
26A81A05S7,KURELLA JAHNAVI SREE VALLI,CSE,E,1st Year
26A81A05S8,MADABHUSHI SRINIDHI,CSE,E,1st Year
26A81A05S9,MADDIPATI SAI TEJA,CSE,E,1st Year
26A81A05T0,MANCHALA POOJITHA,CSE,E,1st Year
26A81A05T1,METTAPALLI SOWMYA VENKATA DURGA,CSE,E,1st Year
26A81A05T2,NAIDU BHARGAV SRI SATYA TEJA,CSE,E,1st Year
26A81A05T3,NAKKA VIDHYA,CSE,E,1st Year
26A81A05T4,NALLAJERLA DAIVA DHARSHINI,CSE,E,1st Year
26A81A05T5,NEELAM BHARGAV RAM,CSE,E,1st Year
26A81A05T6,NIMMALA SOMA SURYA V SATYA SRI BANGARAM,CSE,E,1st Year
26A81A05T7,OLLU JAIDEEP VENKATA SURYA,CSE,E,1st Year
26A81A05T8,PASUPULETI VEERRAJU,CSE,E,1st Year
26A81A05T9,PESARAGANTI BALA SAI KRISHNA,CSE,E,1st Year
26A81A05U0,PILLALA MONIKA,CSE,E,1st Year
26A81A05U1,POLAMARASETTI SAI LAKSHMI DURGA,CSE,E,1st Year
26A81A05U2,PUPPALA BHAVANI,CSE,E,1st Year
26A81A05U3,PURELLA SHAKYA SINHA SARANYA,CSE,E,1st Year
26A81A05U4,SANAGAPURI NEHA,CSE,E,1st Year
26A81A05U5,SAVU YAMINI LAKSHMI,CSE,E,1st Year
26A81A05U6,TANUKU VASANTHI,CSE,E,1st Year
26A81A05U7,THOTA LASYA,CSE,E,1st Year
26A81A05U8,THOTA LAVANYA,CSE,E,1st Year
26A81A05U9,THOTA VENKATA DEVI SRI VINAY,CSE,E,1st Year
26A81A05V0,TUMMALA JAHNAVI,CSE,E,1st Year
26A81A05V1,VAKACHARLA JNANA SURYA,CSE,E,1st Year
26A81A05V2,VALLEPALLI SURYA VARA PRASAD,CSE,E,1st Year
26A81A05V3,VARDHANAPU SANJANA,CSE,E,1st Year
26A81A05V4,VEERAVALLI MADHURI,CSE,E,1st Year
26A81A05V5,VELUGANTI VENKAT,CSE,E,1st Year
26A81A05V6,YADAVALLI ROJA SRI,CSE,E,1st Year
26A81A05V7,YADLAPALLI BHARATHI,CSE,E,1st Year
26A81A05V8,SAIPU SUSANTH KUMAR,CSE,E,1st Year
